id,customer_id,order_datetime,last_modified,payment_method,payment_detail_id,shipping_fee,shipping_date,shipping_time,tax,order_status_id,currency_id,order_addresses_id,grand_total,total_weight,remarks,device,isdeleted
1,27,2020-12-01 1:26,NULL,Cash On Delivery,0,0,NULL,NULL,0,1,0,1,4050,0,NULL,NULL,0
2,27,2020-12-01 1:31,NULL,Cash On Delivery,0,0,NULL,NULL,0,1,0,2,4050,0,NULL,NULL,0
3,27,2020-12-01 1:34,NULL,Cash On Delivery,0,0,NULL,NULL,0,1,0,3,4050,0,NULL,NULL,0
4,27,2020-12-01 1:36,NULL,Cash On Delivery,0,0,NULL,NULL,0,1,0,4,4050,0,NULL,NULL,0
5,27,2020-12-02 1:00,NULL,Bank Transfer,0,0,NULL,NULL,0,1,0,5,4050,0,NULL,NULL,0
6,27,2020-12-02 1:29,NULL,Bank Transfer,0,0,NULL,NULL,0,1,0,6,4050,0,NULL,NULL,0
7,27,2020-12-02 1:34,NULL,Bank Transfer,0,0,NULL,NULL,0,1,0,7,4050,0,NULL,NULL,0
8,27,2020-12-02 1:41,NULL,Bank Transfer,0,0,NULL,NULL,0,1,0,8,4050,0,NULL,NULL,0
9,27,2020-12-02 1:45,NULL,Bank Transfer,0,0,NULL,NULL,0,1,0,9,4050,0,NULL,NULL,0
10,27,2020-12-02 6:18,NULL,Bank Transfer,0,0,NULL,NULL,0,1,0,10,4050,0,NULL,NULL,0
11,1,2020-12-03 7:57,NULL,Cash On Delivery,0,0,NULL,NULL,0,1,0,11,4050,0,NULL,NULL,0
12,27,2020-12-05 16:31,NULL,Bank Transfer,0,0,NULL,NULL,0,1,0,12,4050,0,NULL,NULL,0
13,27,2020-12-05 16:32,NULL,Bank Transfer,0,0,NULL,NULL,0,1,0,14,4050,0,NULL,NULL,0
14,27,2020-12-05 16:33,NULL,Bank Transfer,0,0,NULL,NULL,0,1,0,15,4050,0,NULL,NULL,0
15,27,2020-12-05 16:37,NULL,Bank Transfer,0,0,NULL,NULL,0,1,0,18,4050,0,NULL,NULL,0
16,27,2020-12-05 16:45,NULL,Bank Transfer,0,0,NULL,NULL,0,1,0,19,4050,0,NULL,NULL,0
17,27,2020-12-05 16:46,NULL,Cash On Delivery,0,0,NULL,NULL,0,1,0,20,4050,0,NULL,NULL,0
18,27,2020-12-05 16:47,NULL,Cash On Delivery,0,0,NULL,NULL,0,1,0,21,4050,0,NULL,NULL,0
19,0,2020-12-05 16:47,NULL,Cash On Delivery,0,0,NULL,NULL,0,1,0,22,4050,0,NULL,NULL,0
20,0,2020-12-05 16:47,NULL,Cash On Delivery,0,0,NULL,NULL,0,1,0,23,4050,0,NULL,NULL,0
21,0,2020-12-05 16:47,NULL,Cash On Delivery,0,0,NULL,NULL,0,1,0,24,4050,0,NULL,NULL,0
22,0,2020-12-05 16:50,NULL,Cash On Delivery,0,0,NULL,NULL,0,1,0,25,4050,0,NULL,NULL,0
23,0,2020-12-05 16:51,NULL,Cash On Delivery,0,0,NULL,NULL,0,1,0,26,4050,0,NULL,NULL,0
24,27,2020-12-06 0:59,NULL,Bank Transfer,0,0,NULL,NULL,0,1,0,27,4050,0,NULL,NULL,0
25,27,2020-12-06 1:06,NULL,PayPal,0,0,NULL,NULL,0,1,0,28,4050,0,NULL,NULL,0
26,27,2020-12-06 1:09,NULL,PayPal,0,0,NULL,NULL,0,1,0,29,4050,0,NULL,NULL,0
27,27,2020-12-06 1:13,NULL,Cash On Delivery,0,0,NULL,NULL,0,1,0,30,4050,0,NULL,NULL,0
28,27,2020-12-06 1:36,NULL,Bank Transfer,0,0,NULL,NULL,0,1,0,31,4050,0,NULL,NULL,0
29,27,2020-12-06 1:41,NULL,Cash On Delivery,0,0,NULL,NULL,0,1,0,32,4050,0,NULL,NULL,0
30,27,2020-12-06 2:02,NULL,PayPal,0,0,NULL,NULL,0,1,0,33,4050,0,NULL,NULL,0
31,27,2020-12-06 2:09,NULL,Cash On Delivery,0,0,NULL,NULL,0,1,0,34,4050,0,NULL,NULL,0
32,27,2020-12-06 2:11,NULL,Bank Transfer,0,0,NULL,NULL,0,1,0,35,4050,0,NULL,NULL,0
33,27,2020-12-06 2:14,NULL,PayPal,0,0,NULL,NULL,0,1,0,36,4050,0,NULL,NULL,0
34,27,2020-12-06 2:21,NULL,PayPal,0,0,NULL,NULL,0,1,0,37,4050,0,NULL,NULL,0
35,27,2020-12-06 2:23,NULL,Cash On Delivery,0,0,NULL,NULL,0,1,0,38,4050,0,NULL,NULL,0
36,27,2020-12-06 2:25,NULL,Bank Transfer,0,0,NULL,NULL,0,1,0,39,4050,0,NULL,NULL,0
37,27,2020-12-06 2:31,NULL,Cash On Delivery,0,0,NULL,NULL,0,1,0,40,4050,0,NULL,NULL,0
38,27,2020-12-06 2:33,NULL,PayPal,0,0,NULL,NULL,0,1,0,41,4050,0,NULL,NULL,0
39,27,2020-12-06 2:39,NULL,Cash On Delivery,0,0,NULL,NULL,0,1,0,42,4050,0,NULL,NULL,0
40,27,2020-12-06 2:43,NULL,PayPal,0,0,NULL,NULL,0,1,0,43,4050,0,NULL,NULL,0
41,27,2020-12-06 2:47,NULL,PayPal,0,0,NULL,NULL,0,1,0,44,4050,0,NULL,NULL,0
42,27,2020-12-06 12:07,NULL,NULL,0,0,NULL,NULL,0,1,0,45,4050,0,NULL,NULL,0
43,27,2020-12-07 12:19,NULL,Bank Transfer,0,0,NULL,NULL,0,1,0,46,4050,0,NULL,NULL,0
44,27,2020-12-09 20:14,NULL,NULL,0,0,NULL,NULL,0,1,0,47,4050,0,NULL,NULL,0
45,27,2020-12-11 0:27,NULL,Bank Transfer,0,0,NULL,NULL,0,1,0,48,4050,0,NULL,NULL,0
46,0,2020-12-11 1:57,NULL,Cash On Delivery,NULL,0,NULL,NULL,0,1,NULL,49,4050,NULL,NULL,NULL,0
47,0,2020-12-11 2:12,NULL,PayPal,NULL,0,NULL,NULL,0,1,NULL,50,4050,NULL,NULL,NULL,0
48,0,2020-12-11 10:54,NULL,Cash On Delivery,NULL,0,NULL,NULL,0,1,NULL,51,4050,NULL,NULL,NULL,0
49,0,2020-12-11 18:57,NULL,Cash On Delivery,NULL,0,NULL,NULL,0,1,NULL,52,4050,NULL,NULL,NULL,0
50,0,2020-12-11 19:50,NULL,NULL,NULL,0,NULL,NULL,0,1,NULL,53,4050,NULL,NULL,NULL,0
51,0,2020-12-11 20:00,NULL,Cash On Delivery,NULL,0,NULL,NULL,0,1,NULL,54,4050,NULL,NULL,NULL,0
52,0,2020-12-11 20:25,NULL,NULL,NULL,0,NULL,NULL,0,1,NULL,55,4050,NULL,NULL,NULL,0
53,0,2020-12-11 20:26,NULL,NULL,NULL,0,NULL,NULL,0,1,NULL,56,4050,NULL,NULL,NULL,0
54,0,2020-12-12 15:48,NULL,Cash On Delivery,NULL,0,NULL,NULL,0,1,NULL,57,4050,NULL,NULL,NULL,0
55,0,2020-12-13 13:30,NULL,Cash On Delivery,NULL,0,NULL,NULL,0,1,NULL,58,4050,NULL,NULL,NULL,0
56,0,2020-12-14 17:58,NULL,Cash On Delivery,NULL,0,NULL,NULL,0,1,NULL,59,4050,NULL,NULL,NULL,0
57,0,2020-12-15 22:28,NULL,Cash On Delivery,NULL,0,NULL,NULL,0,1,NULL,60,4050,NULL,NULL,NULL,0
58,0,2020-12-16 11:14,NULL,Cash On Delivery,NULL,0,NULL,NULL,0,1,NULL,61,4050,NULL,NULL,NULL,0
59,0,2020-12-16 11:32,NULL,Cash On Delivery,NULL,0,NULL,NULL,0,1,NULL,62,4050,NULL,NULL,NULL,0
60,0,2020-12-16 20:59,NULL,Cash On Delivery,NULL,0,NULL,NULL,0,1,NULL,63,4050,NULL,NULL,NULL,0
61,0,2020-12-16 22:47,NULL,Cash On Delivery,NULL,0,NULL,NULL,0,1,NULL,64,4050,NULL,NULL,NULL,0
62,0,2020-12-17 0:07,NULL,Cash On Delivery,NULL,0,NULL,NULL,0,1,NULL,65,4050,NULL,NULL,NULL,0
63,0,2020-12-17 22:11,NULL,Cash On Delivery,NULL,0,NULL,NULL,0,1,NULL,66,4050,NULL,NULL,NULL,0
64,0,2020-12-18 3:46,NULL,Cash On Delivery,NULL,0,NULL,NULL,0,1,NULL,67,4050,NULL,NULL,NULL,0
65,0,2020-12-18 6:32,NULL,Cash On Delivery,NULL,0,NULL,NULL,0,1,NULL,68,4050,NULL,NULL,NULL,0
66,0,2020-12-18 7:19,NULL,Cash On Delivery,NULL,0,NULL,NULL,0,1,NULL,69,4050,NULL,NULL,NULL,0
67,0,2020-12-19 6:29,NULL,Cash On Delivery,NULL,0,NULL,NULL,0,1,NULL,70,4050,NULL,NULL,NULL,0
68,0,2020-12-19 17:07,NULL,Cash On Delivery,NULL,0,NULL,NULL,0,1,NULL,71,4050,NULL,NULL,NULL,0
69,0,2020-12-19 18:57,NULL,Cash On Delivery,NULL,0,NULL,NULL,0,1,NULL,72,4050,NULL,NULL,NULL,0
70,0,2020-12-20 2:43,NULL,Cash On Delivery,NULL,0,NULL,NULL,0,1,NULL,73,4050,NULL,NULL,NULL,0
71,0,2020-12-21 0:16,NULL,Cash On Delivery,NULL,0,NULL,NULL,0,1,NULL,74,4050,NULL,NULL,NULL,0
72,0,2020-12-21 2:12,NULL,Cash On Delivery,NULL,0,NULL,NULL,0,1,NULL,75,4050,NULL,NULL,NULL,0
73,0,2020-12-21 11:02,NULL,Cash On Delivery,NULL,0,NULL,NULL,0,1,NULL,76,4050,NULL,NULL,NULL,0
74,0,2020-12-21 18:03,NULL,Cash On Delivery,NULL,0,NULL,NULL,0,1,NULL,77,4050,NULL,NULL,NULL,0
75,0,2020-12-21 19:22,NULL,Cash On Delivery,NULL,0,NULL,NULL,0,1,NULL,78,4050,NULL,NULL,NULL,0
76,0,2020-12-24 10:58,NULL,Cash On Delivery,NULL,0,NULL,NULL,0,1,NULL,79,4050,NULL,NULL,NULL,0
77,0,2020-12-26 12:45,NULL,Cash On Delivery,NULL,0,NULL,NULL,0,1,NULL,80,4050,NULL,NULL,NULL,0
78,0,2020-12-28 20:00,NULL,Cash On Delivery,NULL,0,NULL,NULL,0,1,NULL,81,4050,NULL,NULL,NULL,0
79,0,2020-12-29 11:30,NULL,Cash On Delivery,NULL,0,NULL,NULL,0,1,NULL,82,4050,NULL,NULL,NULL,0
80,0,2020-12-30 16:37,NULL,Cash On Delivery,NULL,0,NULL,NULL,0,1,NULL,83,4050,NULL,NULL,NULL,0
81,0,2020-12-30 21:12,NULL,Cash On Delivery,NULL,0,NULL,NULL,0,1,NULL,84,4050,NULL,NULL,NULL,0
82,0,2020-12-30 23:09,NULL,Cash On Delivery,NULL,0,NULL,NULL,0,1,NULL,85,4050,NULL,NULL,NULL,0
83,0,2020-12-31 21:28,NULL,Cash On Delivery,NULL,0,NULL,NULL,0,1,NULL,86,4050,NULL,NULL,NULL,0
84,0,2020-12-31 21:57,NULL,Cash On Delivery,NULL,0,NULL,NULL,0,1,NULL,87,4050,NULL,NULL,NULL,0
85,0,2021-01-02 8:12,NULL,Cash On Delivery,NULL,0,NULL,NULL,0,1,NULL,88,4050,NULL,NULL,NULL,0
86,0,2021-01-02 21:42,NULL,Cash On Delivery,NULL,0,NULL,NULL,0,1,NULL,89,4050,NULL,NULL,NULL,0
87,0,2021-01-03 21:42,NULL,Cash On Delivery,NULL,0,NULL,NULL,0,1,NULL,90,4050,NULL,NULL,NULL,0
88,0,2021-01-03 22:03,NULL,Cash On Delivery,NULL,0,NULL,NULL,0,1,NULL,91,4050,NULL,NULL,NULL,0
89,0,2021-01-04 18:05,NULL,Cash On Delivery,NULL,0,NULL,NULL,0,1,NULL,92,4050,NULL,NULL,NULL,0
90,0,2021-01-04 23:26,NULL,Cash On Delivery,NULL,0,NULL,NULL,0,1,NULL,93,4050,NULL,NULL,NULL,0
91,0,2021-01-06 15:51,NULL,Cash On Delivery,NULL,0,NULL,NULL,0,1,NULL,94,4050,NULL,NULL,NULL,0
92,0,2021-01-07 12:18,NULL,Cash On Delivery,NULL,0,NULL,NULL,0,1,NULL,95,4050,NULL,NULL,NULL,0
93,0,2021-01-07 13:13,NULL,Cash On Delivery,NULL,0,NULL,NULL,0,1,NULL,96,4050,NULL,NULL,NULL,0
94,0,2021-01-07 13:23,NULL,Cash On Delivery,NULL,0,NULL,NULL,0,1,NULL,97,4050,NULL,NULL,NULL,0
95,0,2021-01-07 13:50,NULL,Cash On Delivery,NULL,0,NULL,NULL,0,1,NULL,98,4050,NULL,NULL,NULL,0
96,0,2021-01-07 15:59,NULL,Cash On Delivery,NULL,0,NULL,NULL,0,1,NULL,99,4050,NULL,NULL,NULL,0
97,0,2021-01-08 7:50,NULL,Cash On Delivery,NULL,0,NULL,NULL,0,1,NULL,100,4050,NULL,NULL,NULL,0
98,0,2021-01-08 15:48,NULL,Cash On Delivery,NULL,0,NULL,NULL,0,1,NULL,101,4050,NULL,NULL,NULL,0
99,0,2021-01-08 20:14,NULL,Cash On Delivery,NULL,0,NULL,NULL,0,1,NULL,102,4050,NULL,NULL,NULL,0
100,0,2021-01-09 23:14,NULL,Cash On Delivery,NULL,0,NULL,NULL,0,1,NULL,103,4050,NULL,NULL,NULL,0
101,0,2021-01-10 14:41,NULL,Cash On Delivery,NULL,0,NULL,NULL,0,1,NULL,104,4050,NULL,NULL,NULL,0
102,0,2021-01-10 17:50,NULL,Cash On Delivery,NULL,0,NULL,NULL,0,1,NULL,105,4050,NULL,NULL,NULL,0
103,0,2021-01-11 12:33,NULL,Cash On Delivery,NULL,0,NULL,NULL,0,1,NULL,106,4050,NULL,NULL,NULL,0
104,0,2021-01-12 15:41,NULL,Cash On Delivery,NULL,0,NULL,NULL,0,1,NULL,107,4050,NULL,NULL,NULL,0
105,0,2021-01-12 19:35,NULL,Cash On Delivery,NULL,0,NULL,NULL,0,1,NULL,108,4050,NULL,NULL,NULL,0
106,0,2021-01-12 23:11,NULL,Cash On Delivery,NULL,0,NULL,NULL,0,1,NULL,109,4050,NULL,NULL,NULL,0
107,0,2021-03-26 13:10,NULL,Cash On Delivery,NULL,0,NULL,NULL,0,1,NULL,110,4050,NULL,NULL,NULL,0
108,0,2021-03-26 13:18,NULL,Cash On Delivery,NULL,0,NULL,NULL,0,1,NULL,111,4050,NULL,NULL,NULL,0
109,0,2021-03-26 18:11,NULL,Cash On Delivery,NULL,0,NULL,NULL,0,1,NULL,112,4050,NULL,NULL,NULL,0
110,0,2021-03-26 18:19,NULL,Cash On Delivery,NULL,0,NULL,NULL,0,1,NULL,113,4050,NULL,NULL,NULL,0
111,0,2021-03-26 18:21,NULL,Cash On Delivery,NULL,0,NULL,NULL,0,1,NULL,114,4050,NULL,NULL,NULL,0
112,0,2021-03-26 19:12,NULL,Cash On Delivery,NULL,0,NULL,NULL,0,1,NULL,115,4050,NULL,NULL,NULL,0
113,0,2021-03-26 19:16,NULL,Cash On Delivery,NULL,0,NULL,NULL,0,1,NULL,116,4050,NULL,NULL,NULL,0
114,0,2021-03-26 20:13,NULL,Cash On Delivery,NULL,0,NULL,NULL,0,1,NULL,117,4050,NULL,NULL,NULL,0
115,0,2021-03-26 20:16,NULL,Cash On Delivery,NULL,0,NULL,NULL,0,1,NULL,118,4050,NULL,NULL,NULL,0
116,0,2021-03-26 20:30,NULL,Cash On Delivery,NULL,0,NULL,NULL,0,1,NULL,119,4050,NULL,NULL,NULL,0
117,0,2021-03-26 20:32,NULL,Cash On Delivery,NULL,0,NULL,NULL,0,1,NULL,120,4050,NULL,NULL,NULL,0
118,0,2021-03-26 20:49,NULL,Cash On Delivery,NULL,0,NULL,NULL,0,1,NULL,121,4050,NULL,NULL,NULL,0
119,0,2021-03-26 21:21,NULL,Cash On Delivery,NULL,0,NULL,NULL,0,1,NULL,122,4050,NULL,NULL,NULL,0
120,0,2021-03-26 21:23,NULL,Cash On Delivery,NULL,0,NULL,NULL,0,1,NULL,123,4050,NULL,NULL,NULL,0
121,0,2021-03-26 21:30,NULL,Cash On Delivery,NULL,0,NULL,NULL,0,1,NULL,124,4050,NULL,NULL,NULL,0
122,0,2021-03-26 21:34,NULL,Cash On Delivery,NULL,0,NULL,NULL,0,6,NULL,125,4050,NULL,NULL,NULL,0
123,0,2021-03-27 23:12,NULL,Cash On Delivery,NULL,0,NULL,NULL,0,1,NULL,126,4050,NULL,NULL,NULL,0
124,0,2021-03-27 23:17,NULL,Cash On Delivery,NULL,0,NULL,NULL,0,1,NULL,127,4050,NULL,NULL,NULL,0
125,0,2021-03-28 12:22,NULL,Cash On Delivery,NULL,0,NULL,NULL,0,1,NULL,128,4050,NULL,NULL,NULL,0
126,0,2021-03-28 23:29,NULL,Cash On Delivery,NULL,0,NULL,NULL,0,1,NULL,129,4050,NULL,NULL,NULL,0
127,0,2021-03-28 23:54,NULL,Cash On Delivery,NULL,0,NULL,NULL,0,1,NULL,130,4050,NULL,NULL,NULL,0
128,0,2021-03-29 17:21,NULL,Cash On Delivery,NULL,0,NULL,NULL,0,1,NULL,131,4050,NULL,NULL,NULL,0
129,0,2021-03-29 20:03,NULL,Cash On Delivery,NULL,0,NULL,NULL,0,1,NULL,132,4050,NULL,NULL,NULL,0
130,0,2021-03-29 23:16,NULL,Cash On Delivery,NULL,0,NULL,NULL,0,1,NULL,133,4050,NULL,NULL,NULL,0
131,0,2021-03-30 0:45,NULL,Cash On Delivery,NULL,0,NULL,NULL,0,1,NULL,134,4050,NULL,NULL,NULL,0
132,0,2021-03-30 1:43,NULL,Cash On Delivery,NULL,0,NULL,NULL,0,1,NULL,135,4050,NULL,NULL,NULL,0
133,0,2021-03-30 2:07,NULL,Cash On Delivery,NULL,0,NULL,NULL,0,1,NULL,136,4050,NULL,NULL,NULL,0
134,0,2021-03-30 7:28,NULL,Cash On Delivery,NULL,0,NULL,NULL,0,1,NULL,137,4050,NULL,NULL,NULL,0
135,0,2021-03-30 16:03,NULL,Cash On Delivery,NULL,0,NULL,NULL,0,1,NULL,138,4050,NULL,NULL,NULL,0
136,0,2021-03-31 22:28,NULL,Cash On Delivery,NULL,0,NULL,NULL,0,1,NULL,139,4050,NULL,NULL,NULL,0
137,0,2021-04-01 1:07,NULL,Cash On Delivery,NULL,0,NULL,NULL,0,1,NULL,140,4050,NULL,NULL,NULL,0
138,0,2021-04-02 1:06,NULL,Cash On Delivery,NULL,0,NULL,NULL,0,1,NULL,141,4050,NULL,NULL,NULL,0
139,0,2021-04-02 10:45,NULL,Cash On Delivery,NULL,0,NULL,NULL,0,1,NULL,142,4050,NULL,NULL,NULL,0
140,0,2021-04-02 18:34,NULL,Cash On Delivery,NULL,0,NULL,NULL,0,1,NULL,143,4050,NULL,NULL,NULL,0
141,0,2021-04-03 16:39,NULL,Cash On Delivery,NULL,0,NULL,NULL,0,1,NULL,144,4050,NULL,NULL,NULL,0
142,0,2021-04-03 19:22,NULL,Cash On Delivery,NULL,0,NULL,NULL,0,1,NULL,145,4050,NULL,NULL,NULL,0
143,0,2021-04-04 14:14,NULL,Cash On Delivery,NULL,0,NULL,NULL,0,1,NULL,146,4050,NULL,NULL,NULL,0
144,0,2021-04-04 18:46,NULL,Cash On Delivery,NULL,0,NULL,NULL,0,1,NULL,147,4050,NULL,NULL,NULL,0
145,0,2021-04-07 19:43,NULL,Cash On Delivery,NULL,0,NULL,NULL,0,1,NULL,148,4050,NULL,NULL,NULL,0
146,0,2021-04-09 1:26,NULL,Cash On Delivery,NULL,0,NULL,NULL,0,1,NULL,149,4050,NULL,NULL,NULL,0
147,0,2021-04-09 8:04,NULL,Cash On Delivery,NULL,0,NULL,NULL,0,1,NULL,150,4050,NULL,NULL,NULL,0
148,0,2021-04-09 23:05,NULL,Cash On Delivery,NULL,0,NULL,NULL,0,1,NULL,151,4050,NULL,NULL,NULL,0
149,0,2021-04-10 13:41,NULL,Cash On Delivery,NULL,0,NULL,NULL,0,1,NULL,152,4050,NULL,NULL,NULL,0
150,0,2021-04-12 13:29,NULL,Cash On Delivery,NULL,0,NULL,NULL,0,1,NULL,153,4050,NULL,NULL,NULL,0
151,0,2021-04-12 18:35,NULL,Cash On Delivery,NULL,0,NULL,NULL,0,1,NULL,154,4050,NULL,NULL,NULL,0
152,0,2021-04-13 12:16,NULL,Cash On Delivery,NULL,0,NULL,NULL,0,1,NULL,155,4050,NULL,NULL,NULL,0
153,0,2021-04-14 2:56,NULL,Cash On Delivery,NULL,0,NULL,NULL,0,1,NULL,156,4050,NULL,NULL,NULL,0
154,0,2021-04-14 5:21,NULL,Cash On Delivery,NULL,0,NULL,NULL,0,1,NULL,157,4050,NULL,NULL,NULL,0
155,0,2021-04-14 20:52,NULL,Cash On Delivery,NULL,0,NULL,NULL,0,1,NULL,158,4050,NULL,NULL,NULL,0
156,0,2021-04-14 23:02,NULL,Cash On Delivery,NULL,0,NULL,NULL,0,1,NULL,159,4050,NULL,NULL,NULL,0
157,0,2021-04-15 5:56,NULL,Cash On Delivery,NULL,0,NULL,NULL,0,1,NULL,160,4050,NULL,NULL,NULL,0
158,0,2021-04-16 20:26,NULL,Cash On Delivery,NULL,0,NULL,NULL,0,1,NULL,161,4050,NULL,NULL,NULL,0
159,0,2021-04-16 23:07,NULL,Cash On Delivery,NULL,0,NULL,NULL,0,1,NULL,162,4050,NULL,NULL,NULL,0
160,0,2021-04-17 1:46,NULL,Cash On Delivery,NULL,0,NULL,NULL,0,1,NULL,163,4050,NULL,NULL,NULL,0
161,0,2021-04-17 1:49,NULL,Cash On Delivery,NULL,0,NULL,NULL,0,1,NULL,164,4050,NULL,NULL,NULL,0
162,0,2021-04-17 2:42,NULL,Cash On Delivery,NULL,0,NULL,NULL,0,1,NULL,165,4050,NULL,NULL,NULL,0
163,0,2021-04-17 14:16,NULL,Cash On Delivery,NULL,0,NULL,NULL,0,1,NULL,166,4050,NULL,NULL,NULL,0
164,0,2021-04-17 14:28,NULL,Cash On Delivery,NULL,0,NULL,NULL,0,1,NULL,167,4050,NULL,NULL,NULL,0
165,0,2021-04-17 19:46,NULL,Cash On Delivery,NULL,0,NULL,NULL,0,1,NULL,168,4050,NULL,NULL,NULL,0
166,0,2021-04-17 23:15,NULL,Cash On Delivery,NULL,0,NULL,NULL,0,1,NULL,169,4050,NULL,NULL,NULL,0
167,0,2021-04-18 4:48,NULL,Cash On Delivery,NULL,0,NULL,NULL,0,1,NULL,170,4050,NULL,NULL,NULL,0
168,0,2021-04-18 5:14,NULL,Cash On Delivery,NULL,0,NULL,NULL,0,1,NULL,171,4050,NULL,NULL,NULL,0
169,0,2021-04-18 13:52,NULL,Cash On Delivery,NULL,0,NULL,NULL,0,1,NULL,172,4050,NULL,NULL,NULL,0
170,0,2021-04-18 22:23,NULL,Cash On Delivery,NULL,0,NULL,NULL,0,1,NULL,173,4050,NULL,NULL,NULL,0
171,0,2021-04-19 5:36,NULL,Cash On Delivery,NULL,0,NULL,NULL,0,1,NULL,174,4050,NULL,NULL,NULL,0
172,0,2021-04-19 10:38,NULL,Cash On Delivery,NULL,0,NULL,NULL,0,1,NULL,175,4050,NULL,NULL,NULL,0
173,0,2021-04-19 14:25,NULL,Cash On Delivery,NULL,0,NULL,NULL,0,1,NULL,176,4050,NULL,NULL,NULL,0
174,0,2021-04-20 13:03,NULL,Cash On Delivery,NULL,0,NULL,NULL,0,1,NULL,177,4050,NULL,NULL,NULL,0
175,0,2021-04-21 20:49,NULL,Cash On Delivery,NULL,0,NULL,NULL,0,1,NULL,178,4050,NULL,NULL,NULL,0
176,0,2021-04-21 21:16,NULL,Cash On Delivery,NULL,0,NULL,NULL,0,1,NULL,179,4050,NULL,NULL,NULL,0
177,0,2021-04-24 6:26,NULL,Cash On Delivery,NULL,0,NULL,NULL,0,1,NULL,180,4050,NULL,NULL,NULL,0
178,0,2021-04-24 12:29,NULL,Cash On Delivery,NULL,0,NULL,NULL,0,1,NULL,181,4050,NULL,NULL,NULL,0
179,0,2021-04-25 16:10,NULL,Cash On Delivery,NULL,0,NULL,NULL,0,1,NULL,182,4050,NULL,NULL,NULL,0
180,0,2021-04-25 16:49,NULL,Cash On Delivery,NULL,0,NULL,NULL,0,1,NULL,183,4050,NULL,NULL,NULL,0
181,0,2021-04-26 7:20,NULL,Cash On Delivery,NULL,0,NULL,NULL,0,1,NULL,184,4050,NULL,NULL,NULL,0
182,0,2021-04-26 14:48,NULL,Cash On Delivery,NULL,0,NULL,NULL,0,1,NULL,185,4050,NULL,NULL,NULL,0
183,0,2021-04-26 21:39,NULL,Cash On Delivery,NULL,0,NULL,NULL,0,1,NULL,186,4050,NULL,NULL,NULL,0
184,0,2021-04-28 18:14,NULL,Cash On Delivery,NULL,0,NULL,NULL,0,1,NULL,187,4050,NULL,NULL,NULL,0
185,0,2021-04-29 5:13,NULL,Cash On Delivery,NULL,0,NULL,NULL,0,1,NULL,188,4050,NULL,NULL,NULL,0
186,0,2021-04-29 11:57,NULL,Cash On Delivery,NULL,0,NULL,NULL,0,1,NULL,189,4050,NULL,NULL,NULL,0
187,0,2021-04-29 12:18,NULL,Cash On Delivery,NULL,0,NULL,NULL,0,1,NULL,190,4050,NULL,NULL,NULL,0
188,0,2021-04-30 11:56,NULL,Cash On Delivery,NULL,0,NULL,NULL,0,1,NULL,191,4050,NULL,NULL,NULL,0
189,0,2021-04-30 14:10,NULL,Cash On Delivery,NULL,0,NULL,NULL,0,1,NULL,192,4050,NULL,NULL,NULL,0
190,0,2021-04-30 15:26,NULL,Cash On Delivery,NULL,0,NULL,NULL,0,1,NULL,193,4050,NULL,NULL,NULL,0
191,0,2021-04-30 18:35,NULL,Cash On Delivery,NULL,0,NULL,NULL,0,1,NULL,194,4050,NULL,NULL,NULL,0
192,0,2021-04-30 21:19,NULL,Cash On Delivery,NULL,0,NULL,NULL,0,1,NULL,195,4050,NULL,NULL,NULL,0
193,0,2021-04-30 21:40,NULL,Cash On Delivery,NULL,0,NULL,NULL,0,1,NULL,196,4050,NULL,NULL,NULL,0
194,0,2021-05-01 1:30,NULL,Cash On Delivery,NULL,0,NULL,NULL,0,1,NULL,197,4050,NULL,NULL,NULL,0
195,0,2021-05-01 12:18,NULL,Cash On Delivery,NULL,0,NULL,NULL,0,1,NULL,198,4050,NULL,NULL,NULL,0
196,0,2021-05-01 14:20,NULL,Cash On Delivery,NULL,0,NULL,NULL,0,1,NULL,199,4050,NULL,NULL,NULL,0
197,0,2021-05-02 1:23,NULL,Cash On Delivery,NULL,0,NULL,NULL,0,1,NULL,200,4050,NULL,NULL,NULL,0
198,0,2021-05-02 1:23,NULL,Cash On Delivery,NULL,0,NULL,NULL,0,1,NULL,201,4050,NULL,NULL,NULL,0
199,0,2021-05-02 2:03,NULL,Cash On Delivery,NULL,0,NULL,NULL,0,1,NULL,202,4050,NULL,NULL,NULL,0
200,0,2021-05-02 2:20,NULL,Cash On Delivery,NULL,0,NULL,NULL,0,1,NULL,203,4050,NULL,NULL,NULL,0
201,0,2021-05-02 3:32,NULL,Cash On Delivery,NULL,0,NULL,NULL,0,1,NULL,204,4050,NULL,NULL,NULL,0
202,0,2021-05-02 15:03,NULL,Cash On Delivery,NULL,0,NULL,NULL,0,1,NULL,205,4050,NULL,NULL,NULL,0
203,0,2021-05-02 15:03,NULL,Cash On Delivery,NULL,0,NULL,NULL,0,1,NULL,206,4050,NULL,NULL,NULL,0
204,0,2021-05-02 17:23,NULL,Cash On Delivery,NULL,0,NULL,NULL,0,1,NULL,207,4050,NULL,NULL,NULL,0
205,0,2021-05-03 0:01,NULL,Cash On Delivery,NULL,0,NULL,NULL,0,1,NULL,208,4050,NULL,NULL,NULL,0
206,0,2021-05-03 10:19,NULL,Cash On Delivery,NULL,0,NULL,NULL,0,1,NULL,209,4050,NULL,NULL,NULL,0
207,0,2021-05-03 15:15,NULL,Cash On Delivery,NULL,0,NULL,NULL,0,1,NULL,210,4050,NULL,NULL,NULL,0
208,0,2021-05-03 18:30,NULL,Cash On Delivery,NULL,0,NULL,NULL,0,1,NULL,211,4050,NULL,NULL,NULL,0
209,0,2021-05-03 23:28,NULL,Cash On Delivery,NULL,0,NULL,NULL,0,1,NULL,212,4050,NULL,NULL,NULL,0
210,0,2021-05-04 3:29,NULL,Cash On Delivery,NULL,0,NULL,NULL,0,1,NULL,213,4050,NULL,NULL,NULL,0
211,0,2021-05-04 4:38,NULL,Cash On Delivery,NULL,0,NULL,NULL,0,1,NULL,214,4050,NULL,NULL,NULL,0
212,0,2021-05-04 5:37,NULL,Cash On Delivery,NULL,0,NULL,NULL,0,1,NULL,215,4050,NULL,NULL,NULL,0
213,0,2021-05-04 12:09,NULL,Cash On Delivery,NULL,0,NULL,NULL,0,1,NULL,216,4050,NULL,NULL,NULL,0
214,0,2021-05-04 14:30,NULL,Cash On Delivery,NULL,0,NULL,NULL,0,1,NULL,217,4050,NULL,NULL,NULL,0
215,0,2021-05-04 17:16,NULL,Cash On Delivery,NULL,0,NULL,NULL,0,1,NULL,218,4050,NULL,NULL,NULL,0
216,0,2021-05-05 0:56,NULL,Cash On Delivery,NULL,0,NULL,NULL,0,1,NULL,219,4050,NULL,NULL,NULL,0
217,0,2021-05-05 1:48,NULL,Cash On Delivery,NULL,0,NULL,NULL,0,1,NULL,220,4050,NULL,NULL,NULL,0
218,0,2021-05-05 16:01,NULL,Cash On Delivery,NULL,0,NULL,NULL,0,1,NULL,221,4050,NULL,NULL,NULL,0
219,0,2021-05-05 18:09,NULL,Cash On Delivery,NULL,0,NULL,NULL,0,1,NULL,222,4050,NULL,NULL,NULL,0
220,0,2021-05-05 18:11,NULL,Cash On Delivery,NULL,0,NULL,NULL,0,1,NULL,223,4050,NULL,NULL,NULL,0
221,0,2021-05-05 23:53,NULL,Cash On Delivery,NULL,0,NULL,NULL,0,1,NULL,224,4050,NULL,NULL,NULL,0
222,0,2021-05-06 4:13,NULL,Cash On Delivery,NULL,0,NULL,NULL,0,1,NULL,225,4050,NULL,NULL,NULL,0
223,0,2021-05-06 4:42,NULL,Cash On Delivery,NULL,0,NULL,NULL,0,1,NULL,226,4050,NULL,NULL,NULL,0
224,0,2021-05-06 15:14,NULL,Cash On Delivery,NULL,0,NULL,NULL,0,1,NULL,227,4050,NULL,NULL,NULL,0
225,0,2021-05-06 23:52,NULL,Cash On Delivery,NULL,0,NULL,NULL,0,1,NULL,228,4050,NULL,NULL,NULL,0
226,0,2021-05-07 5:35,NULL,Cash On Delivery,NULL,0,NULL,NULL,0,1,NULL,229,4050,NULL,NULL,NULL,0
227,0,2021-05-07 8:00,NULL,Cash On Delivery,NULL,0,NULL,NULL,0,1,NULL,230,4050,NULL,NULL,NULL,0
228,0,2021-05-07 12:44,NULL,Cash On Delivery,NULL,0,NULL,NULL,0,1,NULL,231,4050,NULL,NULL,NULL,0
229,0,2021-05-07 17:01,NULL,Cash On Delivery,NULL,0,NULL,NULL,0,1,NULL,232,4050,NULL,NULL,NULL,0
230,0,2021-05-07 18:17,NULL,Cash On Delivery,NULL,0,NULL,NULL,0,1,NULL,233,4050,NULL,NULL,NULL,0
231,0,2021-05-07 19:56,NULL,Cash On Delivery,NULL,0,NULL,NULL,0,1,NULL,234,4050,NULL,NULL,NULL,0
232,0,2021-05-08 21:52,NULL,Cash On Delivery,NULL,0,NULL,NULL,0,1,NULL,235,4050,NULL,NULL,NULL,0
233,0,2021-05-08 23:58,NULL,Cash On Delivery,NULL,0,NULL,NULL,0,1,NULL,236,4050,NULL,NULL,NULL,0
234,0,2021-05-09 3:46,NULL,Cash On Delivery,NULL,0,NULL,NULL,0,1,NULL,237,4050,NULL,NULL,NULL,0
235,0,2021-05-12 2:24,NULL,Cash On Delivery,NULL,0,NULL,NULL,0,1,NULL,238,4050,NULL,NULL,NULL,0
236,0,2021-05-19 0:47,NULL,Cash On Delivery,NULL,0,NULL,NULL,0,1,NULL,239,4050,NULL,NULL,NULL,0
237,0,2021-05-19 18:26,NULL,Cash On Delivery,NULL,0,NULL,NULL,0,1,NULL,240,4050,NULL,NULL,NULL,0
238,0,2021-05-20 3:21,NULL,Cash On Delivery,NULL,0,NULL,NULL,0,1,NULL,241,4050,NULL,NULL,NULL,0
239,0,2021-05-21 9:34,NULL,Cash On Delivery,NULL,0,NULL,NULL,0,1,NULL,242,4050,NULL,NULL,NULL,0
240,0,2021-05-22 18:38,NULL,Cash On Delivery,NULL,0,NULL,NULL,0,4,NULL,243,4050,NULL,NULL,NULL,0
241,0,2021-05-22 21:30,NULL,Cash On Delivery,NULL,0,NULL,NULL,0,1,NULL,244,4050,NULL,NULL,NULL,0
242,0,2021-05-22 22:00,NULL,Cash On Delivery,NULL,0,NULL,NULL,0,1,NULL,245,4050,NULL,NULL,NULL,0
243,0,2021-05-27 16:59,NULL,Cash On Delivery,NULL,0,NULL,NULL,0,1,NULL,246,4050,NULL,NULL,NULL,0
244,0,2021-05-28 22:40,NULL,Cash On Delivery,NULL,0,NULL,NULL,0,1,NULL,247,4050,NULL,NULL,NULL,0
245,0,2021-05-29 17:26,NULL,Cash On Delivery,NULL,0,NULL,NULL,0,1,NULL,248,4050,NULL,NULL,NULL,0
246,0,2021-05-29 22:44,NULL,Cash On Delivery,NULL,0,NULL,NULL,0,1,NULL,249,4050,NULL,NULL,NULL,0
247,0,2021-05-31 4:12,NULL,Cash On Delivery,NULL,0,NULL,NULL,0,1,NULL,250,4050,NULL,NULL,NULL,0
248,0,2021-06-01 16:06,NULL,Cash On Delivery,NULL,0,NULL,NULL,0,1,NULL,251,4050,NULL,NULL,NULL,0
249,0,2021-06-03 10:02,NULL,Cash On Delivery,NULL,0,NULL,NULL,0,1,NULL,252,4050,NULL,NULL,NULL,0
250,0,2021-06-03 14:11,NULL,Cash On Delivery,NULL,0,NULL,NULL,0,1,NULL,253,4050,NULL,NULL,NULL,0
251,0,2021-06-03 17:06,NULL,Cash On Delivery,NULL,0,NULL,NULL,0,1,NULL,254,4050,NULL,NULL,NULL,0
252,0,2021-06-03 23:56,NULL,Cash On Delivery,NULL,0,NULL,NULL,0,1,NULL,255,4050,NULL,NULL,NULL,0
253,0,2021-06-04 12:12,NULL,Cash On Delivery,NULL,0,NULL,NULL,0,1,NULL,256,4050,NULL,NULL,NULL,0
254,0,2021-06-04 20:34,NULL,Cash On Delivery,NULL,0,NULL,NULL,0,1,NULL,257,4050,NULL,NULL,NULL,0
255,0,2021-06-05 18:45,NULL,Cash On Delivery,NULL,0,NULL,NULL,0,1,NULL,258,4050,NULL,NULL,NULL,0
256,0,2021-06-05 21:29,NULL,Cash On Delivery,NULL,0,NULL,NULL,0,1,NULL,259,4050,NULL,NULL,NULL,0
257,0,2021-06-06 0:59,NULL,Cash On Delivery,NULL,0,NULL,NULL,0,1,NULL,260,4050,NULL,NULL,NULL,0
258,0,2021-06-07 16:50,NULL,Cash On Delivery,NULL,0,NULL,NULL,0,1,NULL,261,4050,NULL,NULL,NULL,0
259,0,2021-06-08 17:07,NULL,Cash On Delivery,NULL,0,NULL,NULL,0,1,NULL,262,4050,NULL,NULL,NULL,0
260,0,2021-06-08 22:52,NULL,Cash On Delivery,NULL,0,NULL,NULL,0,1,NULL,263,4050,NULL,NULL,NULL,0
261,0,2021-06-09 2:53,NULL,Cash On Delivery,NULL,0,NULL,NULL,0,1,NULL,264,4050,NULL,NULL,NULL,0
262,0,2021-06-09 21:23,NULL,Cash On Delivery,NULL,0,NULL,NULL,0,2,NULL,265,4050,NULL,NULL,NULL,0
263,0,2021-06-10 11:50,NULL,Cash On Delivery,NULL,0,NULL,NULL,0,2,NULL,266,4050,NULL,NULL,NULL,0
264,0,2021-06-10 12:11,NULL,Cash On Delivery,NULL,0,NULL,NULL,0,1,NULL,267,4050,NULL,NULL,NULL,0
265,0,2021-06-11 19:56,NULL,Cash On Delivery,NULL,0,NULL,NULL,0,1,NULL,268,4050,NULL,NULL,NULL,0
266,0,2021-06-12 21:08,NULL,Cash On Delivery,NULL,0,NULL,NULL,0,1,NULL,269,4050,NULL,NULL,NULL,0
267,0,2021-06-13 12:36,NULL,Cash On Delivery,NULL,0,NULL,NULL,0,1,NULL,270,4050,NULL,NULL,NULL,0
268,0,2021-06-14 12:30,NULL,Cash On Delivery,NULL,0,NULL,NULL,0,1,NULL,271,4050,NULL,NULL,NULL,0
269,0,2021-06-16 5:45,NULL,Cash On Delivery,NULL,0,NULL,NULL,0,1,NULL,272,4050,NULL,NULL,NULL,0
270,0,2021-06-16 17:06,NULL,Cash On Delivery,NULL,0,NULL,NULL,0,1,NULL,273,4050,NULL,NULL,NULL,0
271,0,2021-06-16 17:19,NULL,Cash On Delivery,NULL,0,NULL,NULL,0,1,NULL,274,4050,NULL,NULL,NULL,0
272,0,2021-06-17 11:14,NULL,Cash On Delivery,NULL,0,NULL,NULL,0,1,NULL,275,4050,NULL,NULL,NULL,0
273,0,2021-06-17 12:20,NULL,Cash On Delivery,NULL,0,NULL,NULL,0,1,NULL,276,4050,NULL,NULL,NULL,0
274,0,2021-06-18 1:00,NULL,Cash On Delivery,NULL,0,NULL,NULL,0,1,NULL,277,4050,NULL,NULL,NULL,0
275,0,2021-06-18 14:35,NULL,Cash On Delivery,NULL,0,NULL,NULL,0,1,NULL,278,4050,NULL,NULL,NULL,0
276,0,2021-06-19 22:54,NULL,Cash On Delivery,NULL,0,NULL,NULL,0,1,NULL,279,4050,NULL,NULL,NULL,0
277,0,2021-06-22 21:27,NULL,Cash On Delivery,NULL,0,NULL,NULL,0,1,NULL,280,4050,NULL,NULL,NULL,0
278,0,2021-06-23 19:47,NULL,Cash On Delivery,NULL,0,NULL,NULL,0,1,NULL,281,4050,NULL,NULL,NULL,0
279,0,2021-06-23 20:03,NULL,Cash On Delivery,NULL,0,NULL,NULL,0,1,NULL,282,4050,NULL,NULL,NULL,0
280,0,2021-06-24 1:10,NULL,Cash On Delivery,NULL,0,NULL,NULL,0,1,NULL,283,4050,NULL,NULL,NULL,0
281,0,2021-06-24 14:44,NULL,Cash On Delivery,NULL,0,NULL,NULL,0,1,NULL,284,4050,NULL,NULL,NULL,0
282,0,2021-06-24 17:48,NULL,Cash On Delivery,NULL,0,NULL,NULL,0,1,NULL,285,4050,NULL,NULL,NULL,0
283,0,2021-06-28 17:38,NULL,Cash On Delivery,NULL,0,NULL,NULL,0,1,NULL,286,4050,NULL,NULL,NULL,0
284,0,2021-06-29 13:32,NULL,Cash On Delivery,NULL,0,NULL,NULL,0,1,NULL,287,4050,NULL,NULL,NULL,0
285,0,2021-06-29 18:13,NULL,Cash On Delivery,NULL,0,NULL,NULL,0,1,NULL,288,4050,NULL,NULL,NULL,0
286,0,2021-06-29 18:31,NULL,Cash On Delivery,NULL,0,NULL,NULL,0,1,NULL,289,4050,NULL,NULL,NULL,0
287,0,2021-06-30 0:55,NULL,Cash On Delivery,NULL,0,NULL,NULL,0,1,NULL,290,4050,NULL,NULL,NULL,0
288,0,2021-06-30 0:58,NULL,Cash On Delivery,NULL,0,NULL,NULL,0,1,NULL,291,4050,NULL,NULL,NULL,0
289,0,2021-06-30 18:33,NULL,Cash On Delivery,NULL,0,NULL,NULL,0,1,NULL,292,4050,NULL,NULL,NULL,0
290,0,2021-06-30 20:45,NULL,Cash On Delivery,NULL,0,NULL,NULL,0,1,NULL,293,4050,NULL,NULL,NULL,0
291,0,2021-07-01 15:46,NULL,Cash On Delivery,NULL,0,NULL,NULL,0,1,NULL,294,4050,NULL,NULL,NULL,0
292,0,2021-07-01 16:51,NULL,Cash On Delivery,NULL,0,NULL,NULL,0,1,NULL,295,4050,NULL,NULL,NULL,0
293,0,2021-07-01 19:44,NULL,Cash On Delivery,NULL,0,NULL,NULL,0,1,NULL,296,4050,NULL,NULL,NULL,0
294,0,2021-07-02 11:38,NULL,Cash On Delivery,NULL,0,NULL,NULL,0,1,NULL,297,4050,NULL,NULL,NULL,0
295,0,2021-07-03 14:03,NULL,Cash On Delivery,NULL,0,NULL,NULL,0,1,NULL,298,4050,NULL,NULL,NULL,0
296,0,2021-07-04 12:27,NULL,Cash On Delivery,NULL,0,NULL,NULL,0,1,NULL,299,4050,NULL,NULL,NULL,0
297,0,2021-07-04 19:33,NULL,Cash On Delivery,NULL,0,NULL,NULL,0,1,NULL,300,4050,NULL,NULL,NULL,0
298,0,2021-07-04 21:06,NULL,Cash On Delivery,NULL,0,NULL,NULL,0,1,NULL,301,4050,NULL,NULL,NULL,0
299,0,2021-07-05 16:43,NULL,Cash On Delivery,NULL,0,NULL,NULL,0,1,NULL,302,4050,NULL,NULL,NULL,0
300,0,2021-07-05 19:47,NULL,Cash On Delivery,NULL,0,NULL,NULL,0,1,NULL,303,4050,NULL,NULL,NULL,0
301,0,2021-07-06 12:58,NULL,Cash On Delivery,NULL,0,NULL,NULL,0,1,NULL,304,4050,NULL,NULL,NULL,0
302,0,2021-07-06 20:47,NULL,Cash On Delivery,NULL,0,NULL,NULL,0,1,NULL,305,4050,NULL,NULL,NULL,0
303,0,2021-07-07 14:21,NULL,Cash On Delivery,NULL,0,NULL,NULL,0,1,NULL,306,4050,NULL,NULL,NULL,0
304,0,2021-07-07 16:21,NULL,Cash On Delivery,NULL,0,NULL,NULL,0,1,NULL,307,4050,NULL,NULL,NULL,0
305,0,2021-07-09 18:33,NULL,Cash On Delivery,NULL,0,NULL,NULL,0,1,NULL,308,4050,NULL,NULL,NULL,0
306,0,2021-07-09 22:48,NULL,card,NULL,200,NULL,NULL,0,1,NULL,309,4050,NULL,NULL,NULL,0
307,0,2021-07-10 15:03,NULL,card,NULL,200,NULL,NULL,0,13,NULL,310,4050,NULL,NULL,NULL,0
308,0,2021-07-10 16:27,NULL,Cash On Delivery,NULL,0,NULL,NULL,0,1,NULL,311,4050,NULL,NULL,NULL,0
309,0,2021-07-10 16:51,NULL,card,NULL,2.5,NULL,NULL,0,1,NULL,312,4050,NULL,NULL,NULL,0
310,0,2021-07-11 20:42,NULL,cod,NULL,200,NULL,NULL,0,1,NULL,313,4050,NULL,NULL,NULL,0
311,0,2021-07-11 22:53,NULL,card,NULL,200,NULL,NULL,0,1,NULL,314,4050,NULL,NULL,NULL,0
312,0,2021-07-11 23:01,NULL,card,NULL,200,NULL,NULL,0,1,NULL,315,4050,NULL,NULL,NULL,0
313,0,2021-07-11 23:10,NULL,card,NULL,11,NULL,NULL,0,1,NULL,316,4050,NULL,NULL,NULL,0
314,0,2021-07-12 3:04,NULL,NULL,NULL,2.5,NULL,NULL,0,1,NULL,317,4050,NULL,NULL,NULL,0
315,0,2021-07-12 17:03,NULL,card,NULL,200,NULL,NULL,0,1,NULL,318,4050,NULL,NULL,NULL,0
316,0,2021-07-13 1:19,NULL,cod,NULL,200,NULL,NULL,0,1,NULL,319,4050,NULL,NULL,NULL,0
